<?xml version="1.0" encoding="UTF-8"?>
<project-private xmlns="http://www.netbeans.org/ns/project-private/1">
    <editor-bookmarks xmlns="http://www.netbeans.org/ns/editor-bookmarks/2" lastBookmarkId="0"/>
    <open-files xmlns="http://www.netbeans.org/ns/projectui-open-files/2">
        <group>
            <file>file:/C:/Users/preetiharanth/Desktop/NBAD/NBADProject/Project/src/java/Servlet/EmailSendingServlet.java</file>
            <file>file:/C:/Users/preetiharanth/Desktop/NBAD/NBADProject/Project/src/java/Utility/TempUserDB.java</file>
            <file>file:/C:/Users/preetiharanth/Desktop/NBAD/NBADProject/Project/web/login.jsp</file>
            <file>file:/C:/Users/preetiharanth/Desktop/NBAD/NBADProject/Project/web/recommend.jsp</file>
            <file>file:/C:/Users/preetiharanth/Desktop/NBAD/NBADProject/Project/src/java/Servlet/UserController.java</file>
            <file>file:/C:/Users/preetiharanth/Desktop/NBAD/NBADProject/Project/web/question.jsp</file>
            <file>file:/C:/Users/preetiharanth/Desktop/NBAD/NBADProject/Project/src/conf/persistence.xml</file>
            <file>file:/C:/Users/preetiharanth/Desktop/NBAD/NBADProject/Project/src/java/Utility/userDB.java</file>
        </group>
    </open-files>
</project-private>
